{
    "anthropic.claude-3-sonnet-20240229-v1:0": {
        "input": 0.000003,
        "output": 0.000015
    },
    "anthropic.claude-3-haiku-20240307-v1:0": {
        "input": 0.00000025,
        "output": 0.00000125
    },
    "anthropic.claude-instant-v1": {
        "input": 0.0000008,
        "output": 0.0000024
    },
    "anthropic.claude-3-5-sonnet-20240620-v1:0": {
        "input": 0.000003,
        "output": 0.000015
    },
    "anthropic.claude-3-5-sonnet-20241022-v2:0": {
        "input": 0.000003,
        "output": 0.000015
    }
}